<?xml version="1.0" encoding="UTF-8"?>
<export version="D">
  <design>
    <source>A:\Hop2020\ECU\CircuitBoard_v0.2\CircuitBoard_v0.2.sch</source>
    <date>11/20/2020 4:28:09 PM</date>
    <tool>Eeschema (5.1.6)-1</tool>
    <sheet number="1" name="/" tstamps="/">
      <title_block>
        <title/>
        <company/>
        <rev/>
        <date/>
        <source>CircuitBoard_v0.2.sch</source>
        <comment number="1" value=""/>
        <comment number="2" value=""/>
        <comment number="3" value=""/>
        <comment number="4" value=""/>
      </title_block>
    </sheet>
  </design>
  <components>
    <comp ref="U3">
      <value>Teensy4.1_ThruHole</value>
      <footprint>Package_DIP:Teensy4.1_2.54mm</footprint>
      <libsource lib="Analog" part="Teensy4.1_ThruHole" description=""/>
      <sheetpath names="/" tstamps="/"/>
      <tstamp>5FB76B87</tstamp>
    </comp>
    <comp ref="U2">
      <value>MCP2562FD-E_P</value>
      <footprint>PDIP8_300MC_MCH</footprint>
      <libsource lib="Interface_CAN_LIN" part="MCP2562FD-E_P" description=""/>
      <sheetpath names="/" tstamps="/"/>
      <tstamp>5FB7C062</tstamp>
    </comp>
    <comp ref="R1">
      <value>120</value>
      <footprint>Resistor_SMD:R_0603_1608Metric_Pad1.05x0.95mm_HandSolder</footprint>
      <datasheet>~</datasheet>
      <libsource lib="Device" part="R" description="Resistor"/>
      <sheetpath names="/" tstamps="/"/>
      <tstamp>5FB85480</tstamp>
    </comp>
    <comp ref="Q4">
      <value>IRF740</value>
      <footprint>Package_TO_SOT_THT:TO-220-3_Vertical</footprint>
      <datasheet>http://www.vishay.com/docs/91054/91054.pdf</datasheet>
      <libsource lib="Transistor_FET" part="IRF740" description="10A Id, 400V Vds, N-Channel Power MOSFET, 500mOhm Rds, TO-220AB"/>
      <sheetpath names="/" tstamps="/"/>
      <tstamp>5FBA13DB</tstamp>
    </comp>
    <comp ref="Q3">
      <value>IRF740</value>
      <footprint>Package_TO_SOT_THT:TO-220-3_Vertical</footprint>
      <datasheet>http://www.vishay.com/docs/91054/91054.pdf</datasheet>
      <libsource lib="Transistor_FET" part="IRF740" description="10A Id, 400V Vds, N-Channel Power MOSFET, 500mOhm Rds, TO-220AB"/>
      <sheetpath names="/" tstamps="/"/>
      <tstamp>5FB9D492</tstamp>
    </comp>
    <comp ref="Q1">
      <value>2N7000</value>
      <footprint>Package_TO_SOT_THT:TO-92_Inline</footprint>
      <datasheet>https://www.fairchildsemi.com/datasheets/2N/2N7000.pdf</datasheet>
      <libsource lib="Transistor_FET" part="2N7000" description="0.2A Id, 200V Vds, N-Channel MOSFET, 2.6V Logic Level, TO-92"/>
      <sheetpath names="/" tstamps="/"/>
      <tstamp>5FBD450D</tstamp>
    </comp>
    <comp ref="R5">
      <value>4.7k</value>
      <footprint>Resistor_SMD:R_0603_1608Metric_Pad1.05x0.95mm_HandSolder</footprint>
      <datasheet>~</datasheet>
      <libsource lib="Device" part="R" description="Resistor"/>
      <sheetpath names="/" tstamps="/"/>
      <tstamp>5FBD638B</tstamp>
    </comp>
    <comp ref="R3">
      <value>4.7k</value>
      <footprint>Resistor_SMD:R_0603_1608Metric_Pad1.05x0.95mm_HandSolder</footprint>
      <datasheet>~</datasheet>
      <libsource lib="Device" part="R" description="Resistor"/>
      <sheetpath names="/" tstamps="/"/>
      <tstamp>5FBD97A2</tstamp>
    </comp>
    <comp ref="Q2">
      <value>2N7000</value>
      <footprint>Package_TO_SOT_THT:TO-92_Inline</footprint>
      <datasheet>https://www.fairchildsemi.com/datasheets/2N/2N7000.pdf</datasheet>
      <libsource lib="Transistor_FET" part="2N7000" description="0.2A Id, 200V Vds, N-Channel MOSFET, 2.6V Logic Level, TO-92"/>
      <sheetpath names="/" tstamps="/"/>
      <tstamp>5FBDB490</tstamp>
    </comp>
    <comp ref="R6">
      <value>4.7k</value>
      <footprint>Resistor_SMD:R_0603_1608Metric_Pad1.05x0.95mm_HandSolder</footprint>
      <datasheet>~</datasheet>
      <libsource lib="Device" part="R" description="Resistor"/>
      <sheetpath names="/" tstamps="/"/>
      <tstamp>5FBDBDA6</tstamp>
    </comp>
    <comp ref="R4">
      <value>4.7k</value>
      <footprint>Resistor_SMD:R_0603_1608Metric_Pad1.05x0.95mm_HandSolder</footprint>
      <datasheet>~</datasheet>
      <libsource lib="Device" part="R" description="Resistor"/>
      <sheetpath names="/" tstamps="/"/>
      <tstamp>5FBDC204</tstamp>
    </comp>
    <comp ref="U1">
      <value>PC817</value>
      <footprint>Package_DIP:DIP-4_W7.62mm</footprint>
      <datasheet>http://www.soselectronic.cz/a_info/resource/d/pc817.pdf</datasheet>
      <libsource lib="Isolator" part="PC817" description="DC Optocoupler, Vce 35V, CTR 50-300%, DIP-4"/>
      <sheetpath names="/" tstamps="/"/>
      <tstamp>5FBE503A</tstamp>
    </comp>
    <comp ref="Q5">
      <value>IRF740</value>
      <footprint>Package_TO_SOT_THT:TO-220-3_Vertical</footprint>
      <datasheet>http://www.vishay.com/docs/91054/91054.pdf</datasheet>
      <libsource lib="Transistor_FET" part="IRF740" description="10A Id, 400V Vds, N-Channel Power MOSFET, 500mOhm Rds, TO-220AB"/>
      <sheetpath names="/" tstamps="/"/>
      <tstamp>5FBE99E6</tstamp>
    </comp>
    <comp ref="R7">
      <value>4.7k</value>
      <footprint>Resistor_SMD:R_0603_1608Metric_Pad1.05x0.95mm_HandSolder</footprint>
      <datasheet>~</datasheet>
      <libsource lib="Device" part="R" description="Resistor"/>
      <sheetpath names="/" tstamps="/"/>
      <tstamp>5FB8199A</tstamp>
    </comp>
    <comp ref="R2">
      <value>1.5k</value>
      <footprint>Resistor_SMD:R_0603_1608Metric_Pad1.05x0.95mm_HandSolder</footprint>
      <datasheet>~</datasheet>
      <libsource lib="Device" part="R" description="Resistor"/>
      <sheetpath names="/" tstamps="/"/>
      <tstamp>5FB82B0E</tstamp>
    </comp>
    <comp ref="C3">
      <value>0.01uF</value>
      <datasheet>~</datasheet>
      <libsource lib="Device" part="C" description="Unpolarized capacitor"/>
      <sheetpath names="/" tstamps="/"/>
      <tstamp>5FB84A3E</tstamp>
    </comp>
    <comp ref="C1">
      <value>0.1uF</value>
      <footprint>Capacitor_SMD:C_0603_1608Metric_Pad1.05x0.95mm_HandSolder</footprint>
      <datasheet>~</datasheet>
      <libsource lib="Device" part="C" description="Unpolarized capacitor"/>
      <sheetpath names="/" tstamps="/"/>
      <tstamp>5FB8606E</tstamp>
    </comp>
    <comp ref="C2">
      <value>0.1uF</value>
      <footprint>Capacitor_SMD:C_0603_1608Metric_Pad1.05x0.95mm_HandSolder</footprint>
      <datasheet>~</datasheet>
      <libsource lib="Device" part="C" description="Unpolarized capacitor"/>
      <sheetpath names="/" tstamps="/"/>
      <tstamp>5FB8B86B</tstamp>
    </comp>
    <comp ref="U5">
      <value>AD8495</value>
      <footprint>Package_SO:MSOP-8_3x3mm_P0.65mm</footprint>
      <datasheet>https://www.analog.com/media/en/technical-documentation/data-sheets/ad8494_8495_8496_8497.pdf</datasheet>
      <libsource lib="Sensor_Temperature" part="AD8495" description="Precision Thermocouple Amplifiers with Cold Junction Compensation, K-Type Thermocouple, 0 to 50C, MSOP-8"/>
      <sheetpath names="/" tstamps="/"/>
      <tstamp>5FB8CD6C</tstamp>
    </comp>
    <comp ref="C8">
      <value>0.1uF</value>
      <footprint>Capacitor_SMD:C_0603_1608Metric_Pad1.05x0.95mm_HandSolder</footprint>
      <datasheet>~</datasheet>
      <libsource lib="Device" part="C_Small" description="Unpolarized capacitor, small symbol"/>
      <sheetpath names="/" tstamps="/"/>
      <tstamp>5FB90E66</tstamp>
    </comp>
    <comp ref="C7">
      <value>0.01uF</value>
      <footprint>Capacitor_SMD:C_0603_1608Metric_Pad1.05x0.95mm_HandSolder</footprint>
      <datasheet>~</datasheet>
      <libsource lib="Device" part="C_Small" description="Unpolarized capacitor, small symbol"/>
      <sheetpath names="/" tstamps="/"/>
      <tstamp>5FB93112</tstamp>
    </comp>
    <comp ref="C9">
      <value>0.01uF</value>
      <footprint>Capacitor_SMD:C_0603_1608Metric_Pad1.05x0.95mm_HandSolder</footprint>
      <datasheet>~</datasheet>
      <libsource lib="Device" part="C_Small" description="Unpolarized capacitor, small symbol"/>
      <sheetpath names="/" tstamps="/"/>
      <tstamp>5FB936DF</tstamp>
    </comp>
    <comp ref="R12">
      <value>100</value>
      <footprint>Resistor_SMD:R_0603_1608Metric_Pad1.05x0.95mm_HandSolder</footprint>
      <datasheet>~</datasheet>
      <libsource lib="Device" part="R_Small" description="Resistor, small symbol"/>
      <sheetpath names="/" tstamps="/"/>
      <tstamp>5FB94683</tstamp>
    </comp>
    <comp ref="R13">
      <value>100</value>
      <footprint>Resistor_SMD:R_0603_1608Metric_Pad1.05x0.95mm_HandSolder</footprint>
      <datasheet>~</datasheet>
      <libsource lib="Device" part="R_Small" description="Resistor, small symbol"/>
      <sheetpath names="/" tstamps="/"/>
      <tstamp>5FB94CF7</tstamp>
    </comp>
    <comp ref="R11">
      <value>1M</value>
      <footprint>Resistor_SMD:R_0603_1608Metric_Pad1.05x0.95mm_HandSolder</footprint>
      <datasheet>~</datasheet>
      <libsource lib="Device" part="R_Small" description="Resistor, small symbol"/>
      <sheetpath names="/" tstamps="/"/>
      <tstamp>5FB97C5A</tstamp>
    </comp>
    <comp ref="R16">
      <value>750</value>
      <footprint>Resistor_SMD:R_0603_1608Metric_Pad1.05x0.95mm_HandSolder</footprint>
      <datasheet>~</datasheet>
      <libsource lib="Device" part="R_Small" description="Resistor, small symbol"/>
      <sheetpath names="/" tstamps="/"/>
      <tstamp>5FBA1550</tstamp>
    </comp>
    <comp ref="R17">
      <value>1.5</value>
      <footprint>Resistor_SMD:R_0603_1608Metric_Pad1.05x0.95mm_HandSolder</footprint>
      <datasheet>~</datasheet>
      <libsource lib="Device" part="R_Small" description="Resistor, small symbol"/>
      <sheetpath names="/" tstamps="/"/>
      <tstamp>5FBA3480</tstamp>
    </comp>
    <comp ref="U6">
      <value>TL431DBZ</value>
      <footprint>Package_TO_SOT_SMD:SOT-23</footprint>
      <datasheet>http://www.ti.com/lit/ds/symlink/tl431.pdf</datasheet>
      <libsource lib="Reference_Voltage" part="TL431DBZ" description="Shunt Regulator, SOT-23"/>
      <sheetpath names="/" tstamps="/"/>
      <tstamp>5FBAC5F9</tstamp>
    </comp>
    <comp ref="R18">
      <value>1K</value>
      <footprint>Resistor_SMD:R_0603_1608Metric_Pad1.05x0.95mm_HandSolder</footprint>
      <datasheet>~</datasheet>
      <libsource lib="Device" part="R_Small" description="Resistor, small symbol"/>
      <sheetpath names="/" tstamps="/"/>
      <tstamp>5FBAF19B</tstamp>
    </comp>
    <comp ref="FB1">
      <value>Ferrite_Bead</value>
      <footprint>Capacitor_SMD:C_0603_1608Metric_Pad1.05x0.95mm_HandSolder</footprint>
      <datasheet>~</datasheet>
      <libsource lib="Device" part="Ferrite_Bead_Small" description="Ferrite bead, small symbol"/>
      <sheetpath names="/" tstamps="/"/>
      <tstamp>5FBB2E5B</tstamp>
    </comp>
    <comp ref="U4">
      <value>AD8495</value>
      <footprint>Package_SO:MSOP-8_3x3mm_P0.65mm</footprint>
      <datasheet>https://www.analog.com/media/en/technical-documentation/data-sheets/ad8494_8495_8496_8497.pdf</datasheet>
      <libsource lib="Sensor_Temperature" part="AD8495" description="Precision Thermocouple Amplifiers with Cold Junction Compensation, K-Type Thermocouple, 0 to 50C, MSOP-8"/>
      <sheetpath names="/" tstamps="/"/>
      <tstamp>5FBC0D0A</tstamp>
    </comp>
    <comp ref="C5">
      <value>0.1uF</value>
      <footprint>Capacitor_SMD:C_0603_1608Metric_Pad1.05x0.95mm_HandSolder</footprint>
      <datasheet>~</datasheet>
      <libsource lib="Device" part="C_Small" description="Unpolarized capacitor, small symbol"/>
      <sheetpath names="/" tstamps="/"/>
      <tstamp>5FBC0D10</tstamp>
    </comp>
    <comp ref="R9">
      <value>100</value>
      <footprint>Resistor_SMD:R_0603_1608Metric_Pad1.05x0.95mm_HandSolder</footprint>
      <datasheet>~</datasheet>
      <libsource lib="Device" part="R_Small" description="Resistor, small symbol"/>
      <sheetpath names="/" tstamps="/"/>
      <tstamp>5FBC0D32</tstamp>
    </comp>
    <comp ref="R10">
      <value>100</value>
      <footprint>Resistor_SMD:R_0603_1608Metric_Pad1.05x0.95mm_HandSolder</footprint>
      <datasheet>~</datasheet>
      <libsource lib="Device" part="R_Small" description="Resistor, small symbol"/>
      <sheetpath names="/" tstamps="/"/>
      <tstamp>5FBC0D38</tstamp>
    </comp>
    <comp ref="R8">
      <value>1M</value>
      <footprint>Resistor_SMD:R_0603_1608Metric_Pad1.05x0.95mm_HandSolder</footprint>
      <datasheet>~</datasheet>
      <libsource lib="Device" part="R_Small" description="Resistor, small symbol"/>
      <sheetpath names="/" tstamps="/"/>
      <tstamp>5FBC0D46</tstamp>
    </comp>
    <comp ref="R14">
      <value>750</value>
      <footprint>Resistor_SMD:R_0603_1608Metric_Pad1.05x0.95mm_HandSolder</footprint>
      <datasheet>~</datasheet>
      <libsource lib="Device" part="R_Small" description="Resistor, small symbol"/>
      <sheetpath names="/" tstamps="/"/>
      <tstamp>5FBC0D67</tstamp>
    </comp>
    <comp ref="R15">
      <value>1.5K</value>
      <footprint>Resistor_SMD:R_0603_1608Metric_Pad1.05x0.95mm_HandSolder</footprint>
      <datasheet>~</datasheet>
      <libsource lib="Device" part="R_Small" description="Resistor, small symbol"/>
      <sheetpath names="/" tstamps="/"/>
      <tstamp>5FBC0D6E</tstamp>
    </comp>
    <comp ref="C6">
      <value>0.01uF</value>
      <footprint>Capacitor_SMD:C_0603_1608Metric_Pad1.05x0.95mm_HandSolder</footprint>
      <datasheet>~</datasheet>
      <libsource lib="Device" part="C_Small" description="Unpolarized capacitor, small symbol"/>
      <sheetpath names="/" tstamps="/"/>
      <tstamp>5FBC0D1F</tstamp>
    </comp>
    <comp ref="C4">
      <value>0.01uF</value>
      <footprint>Capacitor_SMD:C_0603_1608Metric_Pad1.05x0.95mm_HandSolder</footprint>
      <datasheet>~</datasheet>
      <libsource lib="Device" part="C_Small" description="Unpolarized capacitor, small symbol"/>
      <sheetpath names="/" tstamps="/"/>
      <tstamp>5FBC0D18</tstamp>
    </comp>
    <comp ref="J2">
      <value>Conn_01x02_Female</value>
      <footprint>Connector_PinSocket_2.54mm:PinSocket_1x02_P2.54mm_Vertical</footprint>
      <datasheet>~</datasheet>
      <libsource lib="Connector" part="Conn_01x02_Female" description="Generic connector, single row, 01x02, script generated (kicad-library-utils/schlib/autogen/connector/)"/>
      <sheetpath names="/" tstamps="/"/>
      <tstamp>5FB8E82D</tstamp>
    </comp>
    <comp ref="J3">
      <value>Conn_01x02_Female</value>
      <footprint>Connector_PinSocket_2.54mm:PinSocket_1x02_P2.54mm_Vertical</footprint>
      <datasheet>~</datasheet>
      <libsource lib="Connector" part="Conn_01x02_Female" description="Generic connector, single row, 01x02, script generated (kicad-library-utils/schlib/autogen/connector/)"/>
      <sheetpath names="/" tstamps="/"/>
      <tstamp>5FB8F830</tstamp>
    </comp>
    <comp ref="J4">
      <value>Conn_01x03_Female</value>
      <footprint>Connector_PinSocket_2.54mm:PinSocket_1x03_P2.54mm_Vertical</footprint>
      <datasheet>~</datasheet>
      <libsource lib="Connector" part="Conn_01x03_Female" description="Generic connector, single row, 01x03, script generated (kicad-library-utils/schlib/autogen/connector/)"/>
      <sheetpath names="/" tstamps="/"/>
      <tstamp>5FB94536</tstamp>
    </comp>
    <comp ref="J5">
      <value>Conn_01x03_Female</value>
      <footprint>Connector_PinSocket_2.54mm:PinSocket_1x03_P2.54mm_Vertical</footprint>
      <datasheet>~</datasheet>
      <libsource lib="Connector" part="Conn_01x03_Female" description="Generic connector, single row, 01x03, script generated (kicad-library-utils/schlib/autogen/connector/)"/>
      <sheetpath names="/" tstamps="/"/>
      <tstamp>5FB94A03</tstamp>
    </comp>
    <comp ref="J6">
      <value>Conn_01x03_Female</value>
      <footprint>Connector_PinSocket_2.54mm:PinSocket_1x03_P2.54mm_Vertical</footprint>
      <datasheet>~</datasheet>
      <libsource lib="Connector" part="Conn_01x03_Female" description="Generic connector, single row, 01x03, script generated (kicad-library-utils/schlib/autogen/connector/)"/>
      <sheetpath names="/" tstamps="/"/>
      <tstamp>5FB94C30</tstamp>
    </comp>
    <comp ref="J1">
      <value>Conn_01x06_Male</value>
      <footprint>Connector_JST:JST_XH_B6B-XH-AM_1x06_P2.50mm_Vertical</footprint>
      <datasheet>~</datasheet>
      <libsource lib="Connector" part="Conn_01x06_Male" description="Generic connector, single row, 01x06, script generated (kicad-library-utils/schlib/autogen/connector/)"/>
      <sheetpath names="/" tstamps="/"/>
      <tstamp>5FBE70D9</tstamp>
    </comp>
    <comp ref="C10">
      <value>0.1uF</value>
      <footprint>Capacitor_SMD:C_0603_1608Metric_Pad1.05x0.95mm_HandSolder</footprint>
      <datasheet>~</datasheet>
      <libsource lib="Device" part="C_Small" description="Unpolarized capacitor, small symbol"/>
      <sheetpath names="/" tstamps="/"/>
      <tstamp>5FC15F48</tstamp>
    </comp>
    <comp ref="C11">
      <value>0.1F</value>
      <footprint>Capacitor_SMD:C_0603_1608Metric_Pad1.05x0.95mm_HandSolder</footprint>
      <datasheet>~</datasheet>
      <libsource lib="Device" part="C_Small" description="Unpolarized capacitor, small symbol"/>
      <sheetpath names="/" tstamps="/"/>
      <tstamp>5FC1A75F</tstamp>
    </comp>
    <comp ref="C12">
      <value>0.1F</value>
      <footprint>Capacitor_SMD:C_0603_1608Metric_Pad1.05x0.95mm_HandSolder</footprint>
      <datasheet>~</datasheet>
      <libsource lib="Device" part="C_Small" description="Unpolarized capacitor, small symbol"/>
      <sheetpath names="/" tstamps="/"/>
      <tstamp>5FC1FA81</tstamp>
    </comp>
    <comp ref="J7">
      <value>Conn_01x02_Male</value>
      <footprint>Connector_JST:JST_XH_B2B-XH-AM_1x02_P2.50mm_Vertical</footprint>
      <datasheet>~</datasheet>
      <libsource lib="Connector" part="Conn_01x02_Male" description="Generic connector, single row, 01x02, script generated (kicad-library-utils/schlib/autogen/connector/)"/>
      <sheetpath names="/" tstamps="/"/>
      <tstamp>5FC283EB</tstamp>
    </comp>
    <comp ref="J8">
      <value>Conn_01x02_Male</value>
      <footprint>Connector_JST:JST_XH_B2B-XH-AM_1x02_P2.50mm_Vertical</footprint>
      <datasheet>~</datasheet>
      <libsource lib="Connector" part="Conn_01x02_Male" description="Generic connector, single row, 01x02, script generated (kicad-library-utils/schlib/autogen/connector/)"/>
      <sheetpath names="/" tstamps="/"/>
      <tstamp>5FC28894</tstamp>
    </comp>
    <comp ref="J9">
      <value>Conn_01x02_Male</value>
      <footprint>Connector_JST:JST_XH_B2B-XH-AM_1x02_P2.50mm_Vertical</footprint>
      <datasheet>~</datasheet>
      <libsource lib="Connector" part="Conn_01x02_Male" description="Generic connector, single row, 01x02, script generated (kicad-library-utils/schlib/autogen/connector/)"/>
      <sheetpath names="/" tstamps="/"/>
      <tstamp>5FC2AA00</tstamp>
    </comp>
    <comp ref="R20">
      <value>750</value>
      <footprint>Resistor_SMD:R_0603_1608Metric_Pad1.05x0.95mm_HandSolder</footprint>
      <datasheet>~</datasheet>
      <libsource lib="Device" part="R_Small" description="Resistor, small symbol"/>
      <sheetpath names="/" tstamps="/"/>
      <tstamp>5FC2E434</tstamp>
    </comp>
    <comp ref="R19">
      <value>1.5K</value>
      <footprint>Resistor_SMD:R_0603_1608Metric_Pad1.05x0.95mm_HandSolder</footprint>
      <datasheet>~</datasheet>
      <libsource lib="Device" part="R_Small" description="Resistor, small symbol"/>
      <sheetpath names="/" tstamps="/"/>
      <tstamp>5FC2EFB1</tstamp>
    </comp>
    <comp ref="R22">
      <value>750</value>
      <footprint>Resistor_SMD:R_0603_1608Metric_Pad1.05x0.95mm_HandSolder</footprint>
      <datasheet>~</datasheet>
      <libsource lib="Device" part="R_Small" description="Resistor, small symbol"/>
      <sheetpath names="/" tstamps="/"/>
      <tstamp>5FC3812E</tstamp>
    </comp>
    <comp ref="R21">
      <value>1.5K</value>
      <footprint>Resistor_SMD:R_0603_1608Metric_Pad1.05x0.95mm_HandSolder</footprint>
      <datasheet>~</datasheet>
      <libsource lib="Device" part="R_Small" description="Resistor, small symbol"/>
      <sheetpath names="/" tstamps="/"/>
      <tstamp>5FC38134</tstamp>
    </comp>
    <comp ref="R24">
      <value>750</value>
      <footprint>Resistor_SMD:R_0603_1608Metric_Pad1.05x0.95mm_HandSolder</footprint>
      <datasheet>~</datasheet>
      <libsource lib="Device" part="R_Small" description="Resistor, small symbol"/>
      <sheetpath names="/" tstamps="/"/>
      <tstamp>5FC3A6F4</tstamp>
    </comp>
    <comp ref="R23">
      <value>1.5K</value>
      <footprint>Resistor_SMD:R_0603_1608Metric_Pad1.05x0.95mm_HandSolder</footprint>
      <datasheet>~</datasheet>
      <libsource lib="Device" part="R_Small" description="Resistor, small symbol"/>
      <sheetpath names="/" tstamps="/"/>
      <tstamp>5FC3A6FA</tstamp>
    </comp>
  </components>
  <libparts>
    <libpart lib="Analog" part="Teensy4.1_ThruHole">
      <fields>
        <field name="Reference">U</field>
        <field name="Value">Teensy4.1_ThruHole</field>
      </fields>
      <pins>
        <pin num="0" name="GPIO" type="input"/>
        <pin num="1" name="GPIO" type="input"/>
        <pin num="2" name="GPIO" type="input"/>
        <pin num="3" name="GPIO" type="input"/>
        <pin num="4" name="GPIO" type="input"/>
        <pin num="5" name="GPIO" type="input"/>
        <pin num="6" name="GPIO" type="input"/>
        <pin num="7" name="GPIO" type="input"/>
        <pin num="8" name="GPIO" type="input"/>
        <pin num="9" name="GPIO" type="input"/>
        <pin num="10" name="GPIO" type="input"/>
        <pin num="11" name="GPIO" type="input"/>
        <pin num="12" name="GPIO" type="input"/>
        <pin num="13" name="LED" type="input"/>
        <pin num="14" name="A0" type="input"/>
        <pin num="15" name="A1" type="input"/>
        <pin num="16" name="A2" type="input"/>
        <pin num="17" name="A3" type="input"/>
        <pin num="18" name="A4" type="input"/>
        <pin num="19" name="A5" type="input"/>
        <pin num="20" name="A6" type="input"/>
        <pin num="21" name="A7" type="input"/>
        <pin num="22" name="A8" type="input"/>
        <pin num="23" name="A9" type="input"/>
        <pin num="24" name="A10" type="input"/>
        <pin num="25" name="A11" type="input"/>
        <pin num="26" name="A12" type="input"/>
        <pin num="27" name="A13" type="input"/>
        <pin num="28" name="GPIO" type="input"/>
        <pin num="29" name="GPIO" type="input"/>
        <pin num="30" name="GPIO" type="input"/>
        <pin num="31" name="GPIO" type="input"/>
        <pin num="32" name="GPIO" type="input"/>
        <pin num="33" name="GPIO" type="input"/>
        <pin num="34" name="GPIO" type="input"/>
        <pin num="35" name="GPIO" type="input"/>
        <pin num="36" name="GPIO" type="input"/>
        <pin num="37" name="GPIO" type="input"/>
        <pin num="38" name="A14" type="input"/>
        <pin num="39" name="A15" type="input"/>
        <pin num="40" name="A16" type="input"/>
        <pin num="41" name="A17" type="input"/>
        <pin num="~" name="3.3v" type="input"/>
      </pins>
    </libpart>
    <libpart lib="Connector" part="Conn_01x02_Female">
      <description>Generic connector, single row, 01x02, script generated (kicad-library-utils/schlib/autogen/connector/)</description>
      <docs>~</docs>
      <footprints>
        <fp>Connector*:*_1x??_*</fp>
      </footprints>
      <fields>
        <field name="Reference">J</field>
        <field name="Value">Conn_01x02_Female</field>
      </fields>
      <pins>
        <pin num="1" name="Pin_1" type="passive"/>
        <pin num="2" name="Pin_2" type="passive"/>
      </pins>
    </libpart>
    <libpart lib="Connector" part="Conn_01x02_Male">
      <description>Generic connector, single row, 01x02, script generated (kicad-library-utils/schlib/autogen/connector/)</description>
      <docs>~</docs>
      <footprints>
        <fp>Connector*:*_1x??_*</fp>
      </footprints>
      <fields>
        <field name="Reference">J</field>
        <field name="Value">Conn_01x02_Male</field>
      </fields>
      <pins>
        <pin num="1" name="Pin_1" type="passive"/>
        <pin num="2" name="Pin_2" type="passive"/>
      </pins>
    </libpart>
    <libpart lib="Connector" part="Conn_01x03_Female">
      <description>Generic connector, single row, 01x03, script generated (kicad-library-utils/schlib/autogen/connector/)</description>
      <docs>~</docs>
      <footprints>
        <fp>Connector*:*_1x??_*</fp>
      </footprints>
      <fields>
        <field name="Reference">J</field>
        <field name="Value">Conn_01x03_Female</field>
      </fields>
      <pins>
        <pin num="1" name="Pin_1" type="passive"/>
        <pin num="2" name="Pin_2" type="passive"/>
        <pin num="3" name="Pin_3" type="passive"/>
      </pins>
    </libpart>
    <libpart lib="Connector" part="Conn_01x06_Male">
      <description>Generic connector, single row, 01x06, script generated (kicad-library-utils/schlib/autogen/connector/)</description>
      <docs>~</docs>
      <footprints>
        <fp>Connector*:*_1x??_*</fp>
      </footprints>
      <fields>
        <field name="Reference">J</field>
        <field name="Value">Conn_01x06_Male</field>
      </fields>
      <pins>
        <pin num="1" name="Pin_1" type="passive"/>
        <pin num="2" name="Pin_2" type="passive"/>
        <pin num="3" name="Pin_3" type="passive"/>
        <pin num="4" name="Pin_4" type="passive"/>
        <pin num="5" name="Pin_5" type="passive"/>
        <pin num="6" name="Pin_6" type="passive"/>
      </pins>
    </libpart>
    <libpart lib="Device" part="C">
      <description>Unpolarized capacitor</description>
      <docs>~</docs>
      <footprints>
        <fp>C_*</fp>
      </footprints>
      <fields>
        <field name="Reference">C</field>
        <field name="Value">C</field>
      </fields>
      <pins>
        <pin num="1" name="~" type="passive"/>
        <pin num="2" name="~" type="passive"/>
      </pins>
    </libpart>
    <libpart lib="Device" part="C_Small">
      <description>Unpolarized capacitor, small symbol</description>
      <docs>~</docs>
      <footprints>
        <fp>C_*</fp>
      </footprints>
      <fields>
        <field name="Reference">C</field>
        <field name="Value">C_Small</field>
      </fields>
      <pins>
        <pin num="1" name="~" type="passive"/>
        <pin num="2" name="~" type="passive"/>
      </pins>
    </libpart>
    <libpart lib="Device" part="Ferrite_Bead_Small">
      <description>Ferrite bead, small symbol</description>
      <docs>~</docs>
      <footprints>
        <fp>Inductor_*</fp>
        <fp>L_*</fp>
        <fp>*Ferrite*</fp>
      </footprints>
      <fields>
        <field name="Reference">FB</field>
        <field name="Value">Ferrite_Bead_Small</field>
      </fields>
      <pins>
        <pin num="1" name="~" type="passive"/>
        <pin num="2" name="~" type="passive"/>
      </pins>
    </libpart>
    <libpart lib="Device" part="R">
      <description>Resistor</description>
      <docs>~</docs>
      <footprints>
        <fp>R_*</fp>
      </footprints>
      <fields>
        <field name="Reference">R</field>
        <field name="Value">R</field>
      </fields>
      <pins>
        <pin num="1" name="~" type="passive"/>
        <pin num="2" name="~" type="passive"/>
      </pins>
    </libpart>
    <libpart lib="Device" part="R_Small">
      <description>Resistor, small symbol</description>
      <docs>~</docs>
      <footprints>
        <fp>R_*</fp>
      </footprints>
      <fields>
        <field name="Reference">R</field>
        <field name="Value">R_Small</field>
      </fields>
      <pins>
        <pin num="1" name="~" type="passive"/>
        <pin num="2" name="~" type="passive"/>
      </pins>
    </libpart>
    <libpart lib="Interface_CAN_LIN" part="MCP2562FD-E_P">
      <footprints>
        <fp>PDIP8_300MC_MCH</fp>
      </footprints>
      <fields>
        <field name="Reference">U</field>
        <field name="Value">MCP2562FD-E_P</field>
        <field name="Footprint">PDIP8_300MC_MCH</field>
      </fields>
      <pins>
        <pin num="1" name="TXD" type="input"/>
        <pin num="2" name="VSS" type="power_in"/>
        <pin num="3" name="VDD" type="power_in"/>
        <pin num="4" name="RXD" type="output"/>
        <pin num="5" name="SPLIT" type="unspc"/>
        <pin num="6" name="CANL" type="BiDi"/>
        <pin num="7" name="CANH" type="BiDi"/>
        <pin num="8" name="STBY" type="input"/>
      </pins>
    </libpart>
    <libpart lib="Isolator" part="PC817">
      <aliases>
        <alias>EL817</alias>
      </aliases>
      <description>DC Optocoupler, Vce 35V, CTR 50-300%, DIP-4</description>
      <docs>http://www.soselectronic.cz/a_info/resource/d/pc817.pdf</docs>
      <footprints>
        <fp>DIP*W7.62mm*</fp>
      </footprints>
      <fields>
        <field name="Reference">U</field>
        <field name="Value">PC817</field>
        <field name="Footprint">Package_DIP:DIP-4_W7.62mm</field>
      </fields>
      <pins>
        <pin num="1" name="~" type="passive"/>
        <pin num="2" name="~" type="passive"/>
        <pin num="3" name="~" type="passive"/>
        <pin num="4" name="~" type="passive"/>
      </pins>
    </libpart>
    <libpart lib="Reference_Voltage" part="TL431DBZ">
      <description>Shunt Regulator, SOT-23</description>
      <docs>http://www.ti.com/lit/ds/symlink/tl431.pdf</docs>
      <footprints>
        <fp>SOT?23*</fp>
      </footprints>
      <fields>
        <field name="Reference">U</field>
        <field name="Value">TL431DBZ</field>
        <field name="Footprint">Package_TO_SOT_SMD:SOT-23</field>
      </fields>
      <pins>
        <pin num="1" name="K" type="passive"/>
        <pin num="2" name="REF" type="passive"/>
        <pin num="3" name="A" type="passive"/>
      </pins>
    </libpart>
    <libpart lib="Sensor_Temperature" part="AD8494">
      <aliases>
        <alias>AD8495</alias>
        <alias>AD8496</alias>
        <alias>AD8497</alias>
      </aliases>
      <description>Precision Thermocouple Amplifiers with Cold Junction Compensation, J-Type Thermocouple, 0 to 50C, MSOP-8</description>
      <docs>https://www.analog.com/media/en/technical-documentation/data-sheets/ad8494_8495_8496_8497.pdf</docs>
      <footprints>
        <fp>MSOP*8*</fp>
      </footprints>
      <fields>
        <field name="Reference">U</field>
        <field name="Value">AD8494</field>
        <field name="Footprint">Package_SO:MSOP-8_3x3mm_P0.65mm</field>
      </fields>
      <pins>
        <pin num="1" name="-IN" type="input"/>
        <pin num="2" name="REF" type="input"/>
        <pin num="3" name="-Vs" type="power_in"/>
        <pin num="4" name="NC" type="NotConnected"/>
        <pin num="5" name="SENSE" type="passive"/>
        <pin num="6" name="~" type="output"/>
        <pin num="7" name="+Vs" type="power_in"/>
        <pin num="8" name="+IN" type="input"/>
      </pins>
    </libpart>
    <libpart lib="Transistor_FET" part="2N7000">
      <description>0.2A Id, 200V Vds, N-Channel MOSFET, 2.6V Logic Level, TO-92</description>
      <docs>https://www.fairchildsemi.com/datasheets/2N/2N7000.pdf</docs>
      <footprints>
        <fp>TO?92*</fp>
      </footprints>
      <fields>
        <field name="Reference">Q</field>
        <field name="Value">2N7000</field>
        <field name="Footprint">Package_TO_SOT_THT:TO-92_Inline</field>
      </fields>
      <pins>
        <pin num="1" name="S" type="passive"/>
        <pin num="2" name="G" type="input"/>
        <pin num="3" name="D" type="passive"/>
      </pins>
    </libpart>
    <libpart lib="Transistor_FET" part="BUZ11">
      <aliases>
        <alias>IRF3205</alias>
        <alias>IRF540N</alias>
        <alias>IRF740</alias>
        <alias>IRLB8721PBF</alias>
        <alias>IRLZ34N</alias>
        <alias>IRLZ44N</alias>
        <alias>VNP10N07</alias>
        <alias>IPP060N06N</alias>
      </aliases>
      <description>30A Id, 50V Vds, N-Channel Power MOSFET, TO-220</description>
      <docs>http://www.fairchildsemi.com/ds/BU/BUZ11.pdf</docs>
      <footprints>
        <fp>TO?220*</fp>
      </footprints>
      <fields>
        <field name="Reference">Q</field>
        <field name="Value">BUZ11</field>
        <field name="Footprint">Package_TO_SOT_THT:TO-220-3_Vertical</field>
      </fields>
      <pins>
        <pin num="1" name="G" type="input"/>
        <pin num="2" name="D" type="passive"/>
        <pin num="3" name="S" type="passive"/>
      </pins>
    </libpart>
  </libparts>
  <libraries>
    <library logical="Analog">
      <uri>B:\Programs-win\KiCad\share\kicad\library/Analog.lib</uri>
    </library>
    <library logical="Connector">
      <uri>B:\Programs-win\KiCad\share\kicad\library/Connector.lib</uri>
    </library>
    <library logical="Device">
      <uri>B:\Programs-win\KiCad\share\kicad\library/Device.lib</uri>
    </library>
    <library logical="Interface_CAN_LIN">
      <uri>B:\Programs-win\KiCad\share\kicad\library/Interface_CAN_LIN.lib</uri>
    </library>
    <library logical="Isolator">
      <uri>B:\Programs-win\KiCad\share\kicad\library/Isolator.lib</uri>
    </library>
    <library logical="Reference_Voltage">
      <uri>B:\Programs-win\KiCad\share\kicad\library/Reference_Voltage.lib</uri>
    </library>
    <library logical="Sensor_Temperature">
      <uri>B:\Programs-win\KiCad\share\kicad\library/Sensor_Temperature.lib</uri>
    </library>
    <library logical="Transistor_FET">
      <uri>B:\Programs-win\KiCad\share\kicad\library/Transistor_FET.lib</uri>
    </library>
  </libraries>
  <nets>
    <net code="1" name="Net-(C4-Pad2)">
      <node ref="C5" pin="1"/>
      <node ref="U4" pin="1"/>
      <node ref="C4" pin="2"/>
      <node ref="R9" pin="1"/>
    </net>
    <net code="2" name="T1+">
      <node ref="R9" pin="2"/>
      <node ref="J3" pin="1"/>
    </net>
    <net code="3" name="T1-">
      <node ref="R8" pin="1"/>
      <node ref="J3" pin="2"/>
      <node ref="R10" pin="2"/>
    </net>
    <net code="4" name="Net-(C5-Pad2)">
      <node ref="C6" pin="1"/>
      <node ref="C5" pin="2"/>
      <node ref="U4" pin="8"/>
      <node ref="R10" pin="1"/>
    </net>
    <net code="5" name="+5V">
      <node ref="J5" pin="3"/>
      <node ref="R6" pin="2"/>
      <node ref="U3" pin="~"/>
      <node ref="R5" pin="2"/>
      <node ref="J4" pin="3"/>
      <node ref="FB1" pin="1"/>
      <node ref="U5" pin="7"/>
      <node ref="U4" pin="7"/>
      <node ref="J6" pin="3"/>
      <node ref="C11" pin="1"/>
      <node ref="J1" pin="3"/>
      <node ref="U2" pin="3"/>
    </net>
    <net code="6" name="T0-">
      <node ref="J2" pin="2"/>
      <node ref="R11" pin="1"/>
      <node ref="R13" pin="2"/>
    </net>
    <net code="7" name="T0+">
      <node ref="R12" pin="2"/>
      <node ref="J2" pin="1"/>
    </net>
    <net code="8" name="T1">
      <node ref="R14" pin="1"/>
      <node ref="U3" pin="20"/>
      <node ref="R15" pin="1"/>
    </net>
    <net code="9" name="Net-(R14-Pad2)">
      <node ref="U4" pin="5"/>
      <node ref="U4" pin="6"/>
      <node ref="R14" pin="2"/>
    </net>
    <net code="10" name="T0">
      <node ref="U3" pin="19"/>
      <node ref="R16" pin="1"/>
      <node ref="R17" pin="1"/>
    </net>
    <net code="11" name="Net-(R16-Pad2)">
      <node ref="U5" pin="6"/>
      <node ref="R16" pin="2"/>
      <node ref="U5" pin="5"/>
    </net>
    <net code="12" name="Net-(U4-Pad4)">
      <node ref="U4" pin="4"/>
    </net>
    <net code="13" name="TREF">
      <node ref="U5" pin="2"/>
      <node ref="U4" pin="2"/>
      <node ref="U6" pin="1"/>
      <node ref="U6" pin="2"/>
      <node ref="R18" pin="2"/>
    </net>
    <net code="14" name="Net-(FB1-Pad2)">
      <node ref="FB1" pin="2"/>
      <node ref="R18" pin="1"/>
    </net>
    <net code="15" name="P0">
      <node ref="R19" pin="1"/>
      <node ref="U3" pin="16"/>
      <node ref="R20" pin="2"/>
    </net>
    <net code="16" name="P0_5V">
      <node ref="R20" pin="1"/>
      <node ref="J4" pin="1"/>
    </net>
    <net code="17" name="SPARKCOIL">
      <node ref="C3" pin="1"/>
      <node ref="Q5" pin="2"/>
      <node ref="J9" pin="1"/>
    </net>
    <net code="18" name="VALVE1">
      <node ref="C2" pin="1"/>
      <node ref="J8" pin="2"/>
      <node ref="Q4" pin="2"/>
    </net>
    <net code="19" name="VALVE0">
      <node ref="Q1" pin="1"/>
      <node ref="Q2" pin="1"/>
      <node ref="Q3" pin="3"/>
      <node ref="Q3" pin="2"/>
      <node ref="U2" pin="2"/>
      <node ref="C7" pin="1"/>
      <node ref="C9" pin="2"/>
      <node ref="C3" pin="2"/>
      <node ref="U2" pin="8"/>
      <node ref="Q5" pin="3"/>
      <node ref="U1" pin="3"/>
      <node ref="U1" pin="2"/>
      <node ref="C1" pin="1"/>
      <node ref="C1" pin="2"/>
      <node ref="U3" pin="~"/>
      <node ref="C2" pin="2"/>
      <node ref="U5" pin="3"/>
      <node ref="R11" pin="2"/>
      <node ref="Q4" pin="3"/>
      <node ref="J5" pin="2"/>
      <node ref="J7" pin="2"/>
      <node ref="J6" pin="2"/>
      <node ref="R19" pin="2"/>
      <node ref="C12" pin="2"/>
      <node ref="U6" pin="3"/>
      <node ref="U4" pin="3"/>
      <node ref="J4" pin="2"/>
      <node ref="R21" pin="2"/>
      <node ref="R23" pin="2"/>
      <node ref="C10" pin="2"/>
      <node ref="C11" pin="2"/>
      <node ref="C4" pin="1"/>
      <node ref="C6" pin="2"/>
      <node ref="R15" pin="2"/>
      <node ref="R8" pin="2"/>
      <node ref="R17" pin="2"/>
      <node ref="J1" pin="1"/>
    </net>
    <net code="20" name="+12V">
      <node ref="J1" pin="4"/>
      <node ref="C12" pin="1"/>
      <node ref="R7" pin="1"/>
      <node ref="J7" pin="1"/>
      <node ref="J8" pin="1"/>
    </net>
    <net code="21" name="+3V3">
      <node ref="R4" pin="1"/>
      <node ref="R3" pin="1"/>
      <node ref="C10" pin="1"/>
      <node ref="J9" pin="2"/>
      <node ref="J1" pin="2"/>
    </net>
    <net code="22" name="P2">
      <node ref="U3" pin="18"/>
      <node ref="R23" pin="1"/>
      <node ref="R24" pin="2"/>
    </net>
    <net code="23" name="P2_5V">
      <node ref="J6" pin="1"/>
      <node ref="R24" pin="1"/>
    </net>
    <net code="24" name="P1">
      <node ref="R22" pin="2"/>
      <node ref="R21" pin="1"/>
      <node ref="U3" pin="17"/>
    </net>
    <net code="25" name="P1_5V">
      <node ref="R22" pin="1"/>
      <node ref="J5" pin="1"/>
    </net>
    <net code="26" name="CANH">
      <node ref="J1" pin="6"/>
      <node ref="U2" pin="7"/>
      <node ref="R1" pin="2"/>
    </net>
    <net code="27" name="CANL">
      <node ref="U2" pin="6"/>
      <node ref="J1" pin="5"/>
      <node ref="R1" pin="1"/>
    </net>
    <net code="28" name="3.3V-MCU">
      <node ref="U2" pin="5"/>
      <node ref="U3" pin="~"/>
    </net>
    <net code="29" name="Net-(Q1-Pad3)">
      <node ref="Q3" pin="1"/>
      <node ref="Q1" pin="3"/>
      <node ref="R5" pin="1"/>
    </net>
    <net code="30" name="Net-(U3-Pad21)">
      <node ref="U3" pin="21"/>
    </net>
    <net code="31" name="Net-(U3-Pad33)">
      <node ref="U3" pin="33"/>
    </net>
    <net code="32" name="Net-(U3-Pad32)">
      <node ref="U3" pin="32"/>
    </net>
    <net code="33" name="CAN3TX">
      <node ref="U2" pin="1"/>
      <node ref="U3" pin="31"/>
    </net>
    <net code="34" name="CAN3RX">
      <node ref="U2" pin="4"/>
      <node ref="U3" pin="30"/>
    </net>
    <net code="35" name="VALVE0CTRL">
      <node ref="R3" pin="2"/>
      <node ref="Q1" pin="2"/>
      <node ref="U3" pin="3"/>
    </net>
    <net code="36" name="Net-(U3-Pad29)">
      <node ref="U3" pin="29"/>
    </net>
    <net code="37" name="Net-(U3-Pad28)">
      <node ref="U3" pin="28"/>
    </net>
    <net code="38" name="Net-(U3-Pad27)">
      <node ref="U3" pin="27"/>
    </net>
    <net code="39" name="Net-(U3-Pad26)">
      <node ref="U3" pin="26"/>
    </net>
    <net code="40" name="Net-(U3-Pad25)">
      <node ref="U3" pin="25"/>
    </net>
    <net code="41" name="Net-(U3-Pad24)">
      <node ref="U3" pin="24"/>
    </net>
    <net code="42" name="Net-(U3-Pad23)">
      <node ref="U3" pin="23"/>
    </net>
    <net code="43" name="Net-(U3-Pad22)">
      <node ref="U3" pin="22"/>
    </net>
    <net code="44" name="Net-(U3-Pad34)">
      <node ref="U3" pin="34"/>
    </net>
    <net code="45" name="SPARKCTRL">
      <node ref="U3" pin="2"/>
      <node ref="R2" pin="2"/>
    </net>
    <net code="46" name="Net-(U3-Pad15)">
      <node ref="U3" pin="15"/>
    </net>
    <net code="47" name="Net-(U3-Pad14)">
      <node ref="U3" pin="14"/>
    </net>
    <net code="48" name="Net-(U3-Pad13)">
      <node ref="U3" pin="13"/>
    </net>
    <net code="49" name="Net-(U3-Pad12)">
      <node ref="U3" pin="12"/>
    </net>
    <net code="50" name="Net-(U3-Pad11)">
      <node ref="U3" pin="11"/>
    </net>
    <net code="51" name="Net-(U3-Pad10)">
      <node ref="U3" pin="10"/>
    </net>
    <net code="52" name="Net-(U3-Pad1)">
      <node ref="U3" pin="1"/>
    </net>
    <net code="53" name="Net-(U3-Pad~)">
      <node ref="U3" pin="~"/>
    </net>
    <net code="54" name="Net-(U3-Pad~)">
      <node ref="U3" pin="~"/>
    </net>
    <net code="55" name="Net-(U3-Pad~)">
      <node ref="U3" pin="~"/>
    </net>
    <net code="56" name="Net-(U3-Pad9)">
      <node ref="U3" pin="9"/>
    </net>
    <net code="57" name="Net-(U3-Pad8)">
      <node ref="U3" pin="8"/>
    </net>
    <net code="58" name="Net-(U3-Pad7)">
      <node ref="U3" pin="7"/>
    </net>
    <net code="59" name="Net-(U3-Pad6)">
      <node ref="U3" pin="6"/>
    </net>
    <net code="60" name="Net-(U3-Pad5)">
      <node ref="U3" pin="5"/>
    </net>
    <net code="61" name="Net-(U3-Pad41)">
      <node ref="U3" pin="41"/>
    </net>
    <net code="62" name="Net-(U3-Pad40)">
      <node ref="U3" pin="40"/>
    </net>
    <net code="63" name="VALVE1CTRL">
      <node ref="R4" pin="2"/>
      <node ref="U3" pin="4"/>
      <node ref="Q2" pin="2"/>
    </net>
    <net code="64" name="Net-(U3-Pad39)">
      <node ref="U3" pin="39"/>
    </net>
    <net code="65" name="Net-(U3-Pad38)">
      <node ref="U3" pin="38"/>
    </net>
    <net code="66" name="Net-(U3-Pad37)">
      <node ref="U3" pin="37"/>
    </net>
    <net code="67" name="Net-(U3-Pad36)">
      <node ref="U3" pin="36"/>
    </net>
    <net code="68" name="Net-(U3-Pad35)">
      <node ref="U3" pin="35"/>
    </net>
    <net code="69" name="Net-(U5-Pad4)">
      <node ref="U5" pin="4"/>
    </net>
    <net code="70" name="Net-(C7-Pad2)">
      <node ref="C7" pin="2"/>
      <node ref="U5" pin="1"/>
      <node ref="C8" pin="1"/>
      <node ref="R12" pin="1"/>
    </net>
    <net code="71" name="Net-(C8-Pad2)">
      <node ref="U5" pin="8"/>
      <node ref="C8" pin="2"/>
      <node ref="C9" pin="1"/>
      <node ref="R13" pin="1"/>
    </net>
    <net code="72" name="Net-(Q2-Pad3)">
      <node ref="Q2" pin="3"/>
      <node ref="R6" pin="1"/>
      <node ref="Q4" pin="1"/>
    </net>
    <net code="73" name="Net-(R2-Pad1)">
      <node ref="U1" pin="1"/>
      <node ref="R2" pin="1"/>
    </net>
    <net code="74" name="Net-(Q5-Pad1)">
      <node ref="R7" pin="2"/>
      <node ref="Q5" pin="1"/>
      <node ref="U1" pin="4"/>
    </net>
    <net code="75" name="Net-(U3-Pad0)">
      <node ref="U3" pin="0"/>
    </net>
  </nets>
</export>
